{
  "project_info": {
    "project_number": "603038367380",
    "project_id": "authenticationapp-2dfcc",
    "storage_bucket": "authenticationapp-2dfcc.appspot.com"
  },
  "client": [
    {
      "client_info": {
        "mobilesdk_app_id": "1:603038367380:android:db17717a8240272d1d7e81",
        "android_client_info": {
          "package_name": "com.example.authenticationapp"
        }
      },
      "oauth_client": [
        {
          "client_id": "603038367380-sd4n6co68omooh2i8k7e84459l3c7jb7.apps.googleusercontent.com",
          "client_type": 3
        }
      ],
      "api_key": [
        {
          "current_key": "AIzaSyAGd9Uu7YDVIUnsGgepkxURBBOEcixvQaY"
        }
      ],
      "services": {
        "appinvite_service": {
          "other_platform_oauth_client": [
            {
              "client_id": "603038367380-sd4n6co68omooh2i8k7e84459l3c7jb7.apps.googleusercontent.com",
              "client_type": 3
            }
          ]
        }
      }
    }
  ],
  "configuration_version": "1"
}